Antigen|Y|Target
MRSLLILVLCFLPLAALGKVFGRCELAAAMKRHGLDNYRGYSLGNWVCAAKFESNFNTQATNRNTDGSTDYGILQINSRWWCNDGRTPGSRNLCNIPCSALLSSDITASVNCAKKIVSDGNGMNAWVAWRNRCKGTDVQAWIRGCRL|37,30,36,39,120,69,63,42,44,25,123,60,13,65|metal
MSETWLPTLVTATPQEGFDLAVKLSRIAVKKTQPDAQVRDTLRAVYEKDANALIAVSAVVATHFQTIAAANDYWKD|53,46,32,42,25,60,56,43,57,31,54,22,34,40,26,29,39|small
MQINIQGHHIDLTDSMQDYVHSKFDKLERFFDHINHVQVILRVEKLRQIAEATLHVNQAEIHAHADDENMYAAIDSLVDKLVRQLNKHKEKLSSH|51,62,42,60,55,64|metal
MKSWKVKEIVIMSVISIVFAVVYLLFTHFGNVLAGMFGPIAYEPIYGIWFIVSVIAAYMIRKPGAALVSEIIAALVECLLGNPSGPMVIVIGIVQGLGAEAVFLATRWKAYSLPVLMLAGMGSSVASFIYDLFVSGYAAYSPGYLLIMLVIRLISGALLAGLLGKAVSDSLAYTGVLNGMALGKELKKKRKRASEHASL|100,46,104,88,63,42,77,135,91,108,27,101,134,131,126,67,64,49,23,129,97,95|small
MDFKQEVLDVLAEVCQDDIVKENPDIEIFEEGLLDSFGTVELLLAIENRFDILVPITEFDRDVWNTPNNIVNQLSELK|37,36,40,61|small
MARSVTLVFLVLVSLTGLYAIQKTPQIQVYSRHPPENGKPNILNCYVTQFHPPHIEIQMLKNGKKIPKVEMSDMSFSKDWSFYILAHTEFTPTETDTYACRVKHASMAEPKTVYWDRDM|30,117,118,116|small
MEQKTLQVEGMSCQHCVKAVETSVGELDGVSAVHVNLEAGKVDVSFDADKVSVKDIADAIEDQGYDVAK|65,16,12,13,15|metal
MYKNGFFKNYLSLFLIFLVIACTSKDSSNEYVEEQEAENSSKPDDSKIDEHTIGHVFHAMGVVHSKKDRKSLGKNIKVFYFSEEDGHFQTIPSKENAKLIVYFYDNVYAGEAPISISGKEAFIFVGITPDFKKIINSNLHGAKSDLIGTFKDLNIKNSKLEITVDENNSDAKTFLESVNYIIDGVEKISPMLTN|51,140,55|metal
MKRLVLFMMAVMLLSITVNAQKKGGKTLVAYFSATGTTARAAKLVAEAVDGTFYEIQPAKKYTAADLDWHDKASRSSVEMSDSKSRPALYSKLGSLAEYDTIYIGFPIWWNLAPRIINTFIESGDFAGKTVIPFATSGSSSISNAEKELQTNYPGINWGKGRLLNGASRETVKQWIKK|76,37,110,35,111,38,138,109,33,108,67,36,137,34,107,136,140,139|small
MSTQVSSGQTYKITNVKAGTVIDLSGEDNKSIIGYPYHSGKNQQWTFNWTGKAWTLRSASSGSYLGIEGTPADGTRLVAVNDPFEWHIWRDEANENAFRIFVPFTNYNLDLSGYGDTTPGTPVQLWWTWEGLHQTWTIDRP|35,42,26,38,25,23,33,27|small